PERSON_ID,DISPLAY_FIRST_LAST,TEAM_NAME,POSITION,HEIGHT,WEIGHT,COUNTRY,BIRTHDATE,SEASON_EXP,DRAFT_NUMBER
1630173,Precious Achiuwa,Raptors,Forward,6-8,225,Nigeria,1999-09-19T00:00:00,1,20
203500,Steven Adams,Grizzlies,Center,6-11,265,New Zealand,1993-07-20T00:00:00,8,12
1628389,Bam Adebayo,Heat,Center-Forward,6-9,255,USA,1997-07-18T00:00:00,4,14
1630583,Santi Aldama,Grizzlies,Forward-Center,6-11,215,Spain,2001-01-10T00:00:00,0,30
200746,LaMarcus Aldridge,Nets,Center-Forward,6-11,250,USA,1985-07-19T00:00:00,15,2
1629638,Nickeil Alexander-Walker,Jazz,Guard,6-5,205,Canada,1998-09-02T00:00:00,2,17
1628960,Grayson Allen,Bucks,Guard,6-4,198,USA,1995-10-08T00:00:00,3,21
1628386,Jarrett Allen,Cavaliers,Center,6-10,243,USA,1998-04-21T00:00:00,4,22
1630631,Jose Alvarado,Pelicans,Guard,6-0,179,USA,1998-04-12T00:00:00,0,Undrafted
203937,Kyle Anderson,Grizzlies,Forward-Guard,6-9,230,USA,1993-09-20T00:00:00,7,30
203507,Giannis Antetokounmpo,Bucks,Forward,6-11,242,Greece,1994-12-06T00:00:00,8,15
203648,Thanasis Antetokounmpo,Bucks,Forward,6-6,219,Greece,1992-07-18T00:00:00,3,51
2546,Carmelo Anthony,Lakers,Forward,6-7,238,USA,1984-05-29T00:00:00,18,3
1630175,Cole Anthony,Magic,Guard,6-3,185,USA,2000-05-15T00:00:00,1,15
1628384,OG Anunoby,Raptors,Forward,6-7,232,United Kingdom,1997-07-17T00:00:00,4,23
1627853,Ryan Arcidiacono,Bulls,Guard,6-3,195,USA,1994-03-26T00:00:00,4,Undrafted
201571,D.J. Augustin,Lakers,Guard,5-11,183,USA,1987-11-10T00:00:00,13,9
1630166,Deni Avdija,Wizards,Forward,6-9,210,Israel,2001-01-03T00:00:00,1,9
1629028,Deandre Ayton,Suns,Center,6-11,250,Bahamas,1998-07-23T00:00:00,3,1
1628962,Udoka Azubuike,Jazz,Center-Forward,7-0,270,Nigeria,1999-09-17T00:00:00,1,27
1628963,Marvin Bagley III,Pistons,Forward,6-11,235,USA,1999-03-14T00:00:00,3,2
1630163,LaMelo Ball,Hornets,Guard,6-7,180,USA,2001-08-22T00:00:00,1,3
1628366,Lonzo Ball,Bulls,Guard,6-6,190,USA,1997-10-27T00:00:00,4,2
1628964,Mo Bamba,Magic,Center,7-0,231,USA,1998-05-12T00:00:00,3,6
1630217,Desmond Bane,Grizzlies,Guard,6-5,215,USA,1998-06-25T00:00:00,1,30
1630625,Dalano Banton,Raptors,Forward,6-7,204,Canada,1999-11-07T00:00:00,0,46
203084,Harrison Barnes,Kings,Forward,6-8,225,USA,1992-05-30T00:00:00,9,7
1630567,Scottie Barnes,Raptors,Forward,6-7,225,USA,2001-08-01T00:00:00,0,4
1629628,RJ Barrett,Knicks,Forward-Guard,6-6,214,Canada,2000-06-14T00:00:00,2,3
203115,Will Barton,Nuggets,Guard,6-5,181,USA,1991-01-06T00:00:00,9,40
1629646,Charles Bassey,76ers,Center-Forward,6-9,230,Nigeria,2000-10-28T00:00:00,0,53
1628966,Keita Bates-Diop,Spurs,Forward,6-8,229,USA,1996-01-23T00:00:00,3,48
201587,Nicolas Batum,Clippers,Guard-Forward,6-8,230,France,1988-12-14T00:00:00,13,25
203145,Kent Bazemore,Lakers,Guard-Forward,6-4,195,USA,1989-07-01T00:00:00,9,Undrafted
1629647,Darius Bazley,Thunder,Forward,6-8,208,USA,2000-06-12T00:00:00,2,23
203078,Bradley Beal,Wizards,Guard,6-4,207,USA,1993-06-28T00:00:00,9,3
1627736,Malik Beasley,Timberwolves,Guard,6-4,187,USA,1996-11-26T00:00:00,5,19
202722,Davis Bertans,Mavericks,Forward,6-10,225,Latvia,1992-11-12T00:00:00,5,42
201976,Patrick Beverley,Timberwolves,Guard,6-1,180,USA,1988-07-12T00:00:00,9,42
1630180,Saddiq Bey,Pistons,Forward,6-7,215,USA,1999-04-09T00:00:00,1,19
203920,Khem Birch,Raptors,Center,6-9,233,Canada,1992-09-28T00:00:00,4,Undrafted
1629048,Goga Bitadze,Pacers,Center-Forward,7-0,250,Georgia,1999-07-20T00:00:00,2,18
202687,Bismack Biyombo,Suns,Center,6-8,255,DRC,1992-08-28T00:00:00,10,7
202357,Nemanja Bjelica,Warriors,Forward,6-9,234,Serbia,1988-05-09T00:00:00,6,35
202339,Eric Bledsoe,Trail Blazers,Guard,6-1,214,USA,1989-12-09T00:00:00,11,18
1629833,Keljin Blevins,Trail Blazers,Guard,6-4,200,USA,1995-11-24T00:00:00,1,
203992,Bogdan Bogdanovic,Hawks,Guard,6-6,225,Serbia,1992-08-18T00:00:00,4,27
202711,Bojan Bogdanovic,Jazz,Forward,6-7,226,Croatia,1989-04-18T00:00:00,7,31
1629626,Bol Bol,Magic,Center-Forward,7-2,220,Sudan,1999-11-16T00:00:00,2,44
1630195,Leandro Bolmaro,Timberwolves,Forward,6-6,200,Argentina,2000-09-11T00:00:00,0,23
1629067,Isaac Bonga,Raptors,Guard,6-8,180,Germany,1999-11-08T00:00:00,3,39
1626164,Devin Booker,Suns,Guard,6-5,206,USA,1996-10-30T00:00:00,6,13
1630527,Brandon Boston Jr.,Clippers,Guard,6-6,188,USA,2001-11-28T00:00:00,0,51
1628449,Chris Boucher,Raptors,Forward-Center,6-9,200,Saint Lucia,1993-01-11T00:00:00,4,Undrafted
1630547,James Bouknight,Hornets,Guard,6-4,190,USA,2000-09-18T00:00:00,0,11
202340,Avery Bradley,Lakers,Guard,6-3,180,USA,1990-11-26T00:00:00,11,19
1628396,Tony Bradley,Bulls,Center-Forward,6-10,248,USA,1998-01-08T00:00:00,4,28
1629649,Ignas Brazdeikis,Magic,Forward,6-6,221,Canada,1999-01-08T00:00:00,2,47
1628969,Mikal Bridges,Suns,Forward,6-6,209,USA,1996-08-30T00:00:00,3,10
1628970,Miles Bridges,Hornets,Forward,6-7,225,USA,1998-03-21T00:00:00,3,12
1629052,Oshae Brissett,Pacers,Forward-Guard,6-7,210,Canada,1998-06-20T00:00:00,2,Undrafted
1627763,Malcolm Brogdon,Pacers,Guard,6-5,229,USA,1992-12-11T00:00:00,5,36
1629717,Armoni Brooks,Raptors,Guard,6-3,195,USA,1998-06-05T00:00:00,1,
1628415,Dillon Brooks,Grizzlies,Guard-Forward,6-7,225,Canada,1996-01-22T00:00:00,4,45
1628971,Bruce Brown,Nets,Guard-Forward,6-4,202,USA,1996-08-15T00:00:00,3,42
1627759,Jaylen Brown,Celtics,Guard-Forward,6-6,223,USA,1996-10-24T00:00:00,5,3
1629650,Moses Brown,Cavaliers,Center,7-2,245,USA,1999-10-13T00:00:00,2,Undrafted
1628425,Sterling Brown,Mavericks,Guard-Forward,6-5,219,USA,1995-02-10T00:00:00,4,46
1630535,Greg Brown III,Trail Blazers,Forward,6-7,206,USA,2001-09-01T00:00:00,0,43
1629718,Charlie Brown Jr.,76ers,Guard,6-6,199,USA,1997-02-02T00:00:00,2,Undrafted
1630602,Chaundee Brown Jr.,Hawks,Forward,6-5,215,USA,1998-12-04T00:00:00,0,Undrafted
1628972,Troy Brown Jr.,Bulls,Guard-Forward,6-6,215,USA,1999-07-28T00:00:00,3,15
1628973,Jalen Brunson,Mavericks,Guard,6-1,190,USA,1996-08-31T00:00:00,3,33
1628418,Thomas Bryant,Wizards,Center-Forward,6-10,248,USA,1997-07-31T00:00:00,4,42
203493,Reggie Bullock,Mavericks,Guard-Forward,6-6,205,USA,1991-03-16T00:00:00,8,25
203504,Trey Burke,Mavericks,Guard,6-0,185,USA,1992-11-12T00:00:00,8,9
202692,Alec Burks,Knicks,Guard,6-6,214,USA,1991-07-20T00:00:00,10,12
1630215,Jared Butler,Jazz,Guard,6-3,193,USA,2000-08-25T00:00:00,0,40
202710,Jimmy Butler,Heat,Forward,6-7,230,USA,1989-09-14T00:00:00,10,30
1629719,Devontae Cacok,Spurs,Forward,6-7,240,USA,1996-10-08T00:00:00,2,Undrafted
203484,Kentavious Caldwell-Pope,Wizards,Guard,6-5,204,USA,1993-02-18T00:00:00,8,8
1630267,Facundo Campazzo,Nuggets,Guard,5-10,195,Argentina,1991-03-23T00:00:00,1,Undrafted
1628427,Vlatko Cancar,Nuggets,Forward,6-8,236,Slovenia,1997-04-10T00:00:00,2,49
1629962,Devin Cannady,Magic,Guard,6-2,183,USA,1996-05-21T00:00:00,1,
203991,Clint Capela,Hawks,Center,6-10,256,Switzerland,1994-05-18T00:00:00,7,25
1630176,Vernon Carey Jr.,Wizards,Forward-Center,6-9,270,USA,2001-02-25T00:00:00,1,32
1628975,Jevon Carter,Bucks,Guard,6-1,200,USA,1995-09-14T00:00:00,3,32
1628976,Wendell Carter Jr.,Magic,Center-Forward,6-10,270,USA,1999-04-16T00:00:00,3,7
1627936,Alex Caruso,Bulls,Guard,6-5,186,USA,1994-02-28T00:00:00,4,Undrafted
1630551,Justin Champagnie,Raptors,Guard-Forward,6-6,206,USA,2001-06-29T00:00:00,0,Undrafted
1629185,Chris Chiozza,Warriors,Guard,5-11,175,USA,1995-11-21T00:00:00,3,Undrafted
1627737,Marquese Chriss,Mavericks,Forward,6-9,240,USA,1997-07-02T00:00:00,5,8
1630528,Josh Christopher,Rockets,Guard,6-3,215,USA,2001-12-08T00:00:00,0,24
1629109,Gary Clark,Pelicans,Forward,6-6,225,USA,1994-11-16T00:00:00,3,Undrafted
1629634,Brandon Clarke,Grizzlies,Forward,6-8,215,Canada,1996-09-19T00:00:00,2,21
203903,Jordan Clarkson,Jazz,Guard,6-4,194,USA,1992-06-07T00:00:00,7,46
1629651,Nic Claxton,Nets,Forward-Center,6-11,215,USA,1999-04-17T00:00:00,2,31
1629599,Amir Coffey,Clippers,Guard-Forward,6-7,210,USA,1997-06-17T00:00:00,2,Undrafted
1628381,John Collins,Hawks,Forward-Center,6-9,226,USA,1997-09-23T00:00:00,4,19
1628380,Zach Collins,Spurs,Forward-Center,6-11,250,USA,1997-11-19T00:00:00,3,10
201144,Mike Conley,Jazz,Guard,6-1,175,USA,1987-10-11T00:00:00,14,4
1626192,Pat Connaughton,Bucks,Guard,6-5,209,USA,1993-01-06T00:00:00,6,41
1629076,Tyler Cook,Bulls,Forward,6-8,255,USA,1997-09-23T00:00:00,2,Undrafted
1630536,Sharife Cooper,Hawks,Guard,6-1,176,USA,2001-06-11T00:00:00,0,48
202326,DeMarcus Cousins,Nuggets,Center,6-10,270,USA,1990-08-13T00:00:00,10,5
203496,Robert Covington,Clippers,Forward,6-7,209,USA,1990-12-14T00:00:00,8,Undrafted
1628470,Torrey Craig,Suns,Forward,6-7,221,USA,1990-12-19T00:00:00,4,Undrafted
203109,Jae Crowder,Suns,Forward,6-6,235,USA,1990-07-06T00:00:00,9,34
1629633,Jarrett Culver,Grizzlies,Guard-Forward,6-6,195,USA,1999-02-20T00:00:00,2,6
1630595,Cade Cunningham,Pistons,Guard,6-6,220,USA,2001-09-25T00:00:00,0,1
203552,Seth Curry,Nets,Guard,6-2,185,USA,1990-08-23T00:00:00,7,Undrafted
201939,Stephen Curry,Warriors,Guard,6-2,185,USA,1988-03-14T00:00:00,12,7
203076,Anthony Davis,Lakers,Forward-Center,6-10,253,USA,1993-03-11T00:00:00,9,1
202334,Ed Davis,Cavaliers,Center-Forward,6-9,218,USA,1989-06-05T00:00:00,11,13
1629056,Terence Davis,Kings,Guard,6-4,201,USA,1997-05-16T00:00:00,2,Undrafted
201942,DeMar DeRozan,Bulls,Guard-Forward,6-6,220,USA,1989-08-07T00:00:00,12,9
203473,Dewayne Dedmon,Heat,Center,7-0,245,USA,1989-08-12T00:00:00,8,Undrafted
1628978,Donte DiVincenzo,Kings,Guard,6-4,203,USA,1997-01-31T00:00:00,3,17
1628977,Hamidou Diallo,Pistons,Guard,6-5,202,USA,1998-07-31T00:00:00,3,45
203476,Gorgui Dieng,Hawks,Center,6-10,248,Senegal,1990-01-18T00:00:00,8,21
203915,Spencer Dinwiddie,Mavericks,Guard,6-6,215,USA,1993-04-06T00:00:00,7,38
1629029,Luka Doncic,Mavericks,Forward-Guard,6-7,230,Slovenia,1999-02-28T00:00:00,3,3
1629652,Luguentz Dort,Thunder,Guard,6-3,215,Canada,1999-04-19T00:00:00,2,Undrafted
1630245,Ayo Dosunmu,Bulls,Guard,6-4,200,USA,2000-01-17T00:00:00,0,38
201609,Goran Dragic,Nets,Guard,6-3,190,Slovenia,1986-05-06T00:00:00,13,45
203083,Andre Drummond,Nets,Center,6-10,279,USA,1993-08-10T00:00:00,9,9
1630537,Chris Duarte,Pacers,Guard,6-5,190,Dominican Republic,1997-06-13T00:00:00,0,13
1630561,David Duke Jr.,Nets,Guard,6-4,204,USA,1999-10-13T00:00:00,0,Undrafted
201142,Kevin Durant,Nets,Forward,6-10,240,USA,1988-09-29T00:00:00,13,2
1630162,Anthony Edwards,Timberwolves,Guard,6-4,225,USA,2001-08-05T00:00:00,1,1
1629035,Carsen Edwards,Celtics,Guard,5-11,200,USA,1998-03-12T00:00:00,2,33
1630556,Kessler Edwards,Nets,Forward,6-7,203,USA,2000-08-09T00:00:00,0,44
1629604,CJ Elleby,Trail Blazers,Forward-Guard,6-6,200,USA,2000-06-16T00:00:00,1,46
201961,Wayne Ellington,Lakers,Guard,6-4,207,USA,1987-11-29T00:00:00,12,28
203954,Joel Embiid,76ers,Center-Forward,7-0,280,Cameroon,1994-03-16T00:00:00,5,3
202324,Derrick Favors,Thunder,Forward,6-9,265,USA,1991-07-15T00:00:00,11,3
1628981,Bruno Fernando,Rockets,Forward-Center,6-9,240,Angola,1998-08-15T00:00:00,2,34
1627827,Dorian Finney-Smith,Mavericks,Forward,6-7,220,USA,1993-05-04T00:00:00,5,Undrafted
1630238,Malik Fitts,Celtics,Forward,6-5,230,USA,1997-07-04T00:00:00,1,Undrafted
1630201,Malachi Flynn,Raptors,Guard,6-1,175,USA,1998-05-09T00:00:00,1,29
1627854,Bryn Forbes,Nuggets,Guard,6-2,205,USA,1993-07-23T00:00:00,5,Undrafted
1630235,Trent Forrest,Jazz,Guard,6-4,210,USA,1998-06-12T00:00:00,1,Undrafted
203095,Evan Fournier,Knicks,Guard-Forward,6-6,205,France,1992-10-29T00:00:00,9,20
1628368,De'Aaron Fox,Kings,Guard,6-3,185,USA,1997-12-20T00:00:00,4,5
1628982,Melvin Frazier Jr.,Magic,Guard-Forward,6-5,215,USA,1996-08-30T00:00:00,2,35
1628365,Markelle Fultz,Magic,Guard,6-4,209,USA,1998-05-29T00:00:00,4,1
1629117,Wenyen Gabriel,Lakers,Forward,6-9,205,South Sudan,1997-03-26T00:00:00,2,Undrafted
1629655,Daniel Gafford,Wizards,Forward-Center,6-9,234,USA,1998-10-01T00:00:00,2,38
201568,Danilo Gallinari,Hawks,Forward,6-10,236,Italy,1988-08-08T00:00:00,12,6
1629636,Darius Garland,Cavaliers,Guard,6-1,192,USA,2000-01-26T00:00:00,2,5
1630586,Usman Garuba,Rockets,Forward,6-8,229,Spain,2002-03-09T00:00:00,0,23
1630568,Luka Garza,Pistons,Center,6-10,243,USA,1998-12-27T00:00:00,0,52
200752,Rudy Gay,Jazz,Forward-Guard,6-8,250,USA,1986-08-17T00:00:00,15,8
202331,Paul George,Clippers,Forward,6-8,220,USA,1990-05-02T00:00:00,11,10
201959,Taj Gibson,Knicks,Forward,6-9,232,USA,1985-06-24T00:00:00,12,26
1630581,Josh Giddey,Thunder,Guard,6-8,205,Australia,2002-10-10T00:00:00,0,6
1628983,Shai Gilgeous-Alexander,Thunder,Guard,6-6,180,Canada,1998-07-12T00:00:00,3,11
1630264,Anthony Gill,Wizards,Forward,6-7,230,USA,1992-10-17T00:00:00,1,Undrafted
203497,Rudy Gobert,Jazz,Center,7-1,258,France,1992-06-26T00:00:00,8,27
1629164,Brandon Goodwin,Cavaliers,Guard,6-0,180,USA,1995-10-02T00:00:00,3,Undrafted
203932,Aaron Gordon,Nuggets,Forward,6-8,235,USA,1995-09-16T00:00:00,7,4
201569,Eric Gordon,Rockets,Guard,6-3,215,USA,1988-12-25T00:00:00,13,7
1628984,Devonte' Graham,Pelicans,Guard,6-1,195,USA,1995-02-22T00:00:00,3,34
203924,Jerami Grant,Pistons,Forward,6-8,210,USA,1994-03-12T00:00:00,7,39
201980,Danny Green,76ers,Guard,6-6,215,USA,1987-06-22T00:00:00,12,46
203110,Draymond Green,Warriors,Forward,6-6,230,USA,1990-03-04T00:00:00,9,35
203210,JaMychal Green,Nuggets,Forward-Center,6-8,227,USA,1990-06-21T00:00:00,7,Undrafted
1630224,Jalen Green,Rockets,Guard,6-4,186,USA,2002-02-09T00:00:00,0,2
1629750,Javonte Green,Bulls,Guard-Forward,6-5,205,USA,1993-07-23T00:00:00,2,Undrafted
201145,Jeff Green,Nuggets,Forward,6-8,235,USA,1986-08-28T00:00:00,13,5
1630182,Josh Green,Mavericks,Guard,6-5,200,Australia,2000-11-16T00:00:00,1,18
201933,Blake Griffin,Nets,Forward,6-9,250,USA,1989-03-16T00:00:00,11,1
1629656,Quentin Grimes,Knicks,Guard,6-4,210,USA,2000-05-08T00:00:00,0,25
1629060,Rui Hachimura,Wizards,Forward,6-8,230,Japan,1998-02-08T00:00:00,2,9
1630169,Tyrese Haliburton,Pacers,Guard,6-5,185,USA,2000-02-29T00:00:00,1,12
1630181,R.J. Hampton,Magic,Guard,6-4,175,USA,2001-02-07T00:00:00,1,24
203501,Tim Hardaway Jr.,Mavericks,Guard-Forward,6-5,205,USA,1992-03-16T00:00:00,8,24
201935,James Harden,76ers,Guard,6-5,220,USA,1989-08-26T00:00:00,12,3
203090,Maurice Harkless,Kings,Forward-Guard,6-7,220,USA,1993-05-11T00:00:00,9,15
1629607,Jared Harper,Pelicans,Guard,5-10,175,USA,1997-09-14T00:00:00,2,Undrafted
1626149,Montrezl Harrell,Hornets,Forward-Center,6-7,240,USA,1994-01-26T00:00:00,6,32
203914,Gary Harris,Magic,Guard,6-4,210,USA,1994-09-14T00:00:00,7,19
203925,Joe Harris,Nets,Guard-Forward,6-6,220,USA,1991-09-06T00:00:00,7,33
202699,Tobias Harris,76ers,Forward,6-7,226,USA,1992-07-15T00:00:00,10,19
1628404,Josh Hart,Trail Blazers,Guard,6-5,215,USA,1995-03-06T00:00:00,4,30
1628392,Isaiah Hartenstein,Clippers,Center-Forward,7-0,250,Germany,1998-05-05T00:00:00,3,43
2617,Udonis Haslem,Heat,Forward,6-8,235,USA,1980-06-09T00:00:00,18,Undrafted
1630573,Sam Hauser,Celtics,Forward,6-7,217,USA,1997-12-08T00:00:00,0,Undrafted
1629637,Jaxson Hayes,Pelicans,Center-Forward,6-11,220,USA,2000-05-23T00:00:00,2,8
1630165,Killian Hayes,Pistons,Guard,6-5,195,France,2001-07-27T00:00:00,1,7
202330,Gordon Hayward,Hornets,Forward,6-7,225,USA,1990-03-23T00:00:00,11,9
1627823,Juancho Hernangomez,Jazz,Forward,6-9,214,Spain,1995-09-28T00:00:00,5,15
1626195,Willy Hernangomez,Pelicans,Center-Forward,6-11,250,Spain,1994-05-27T00:00:00,5,35
1629639,Tyler Herro,Heat,Guard,6-5,195,USA,2000-01-20T00:00:00,2,13
1627741,Buddy Hield,Pacers,Guard,6-4,220,Bahamas,1992-12-17T00:00:00,5,6
1629312,Haywood Highsmith,Heat,Forward,6-4,220,USA,1996-12-09T00:00:00,1,
201588,George Hill,Bucks,Guard,6-4,188,USA,1986-05-04T00:00:00,13,26
1630792,Malcolm Hill,Bulls,Forward,6-6,220,USA,1995-10-26T00:00:00,0,Undrafted
1630207,Nate Hinton,Pacers,Guard-Forward,6-5,210,USA,1999-06-08T00:00:00,1,Undrafted
1628988,Aaron Holiday,Suns,Guard,6-0,185,USA,1996-09-30T00:00:00,3,23
201950,Jrue Holiday,Bucks,Guard,6-3,205,USA,1990-06-12T00:00:00,12,17
203200,Justin Holiday,Kings,Forward-Guard,6-6,180,USA,1989-04-05T00:00:00,8,Undrafted
1626158,Richaun Holmes,Kings,Forward,6-10,235,USA,1993-10-15T00:00:00,6,37
203918,Rodney Hood,Clippers,Guard-Forward,6-8,208,USA,1992-10-20T00:00:00,7,23
201143,Al Horford,Celtics,Center-Forward,6-9,240,Dominican Republic,1986-06-03T00:00:00,14,3
1629659,Talen Horton-Tucker,Lakers,Guard,6-4,234,USA,2000-11-25T00:00:00,2,46
1627863,Danuel House Jr.,Jazz,Forward-Guard,6-6,220,USA,1993-06-07T00:00:00,5,Undrafted
2730,Dwight Howard,Lakers,Center-Forward,6-10,265,USA,1985-12-08T00:00:00,17,1
1630210,Markus Howard,Nuggets,Guard,5-10,175,USA,1999-03-03T00:00:00,1,Undrafted
1628989,Kevin Huerter,Hawks,Guard-Forward,6-7,198,USA,1998-08-27T00:00:00,3,19
1630190,Elijah Hughes,Trail Blazers,Guard,6-5,215,USA,1998-03-10T00:00:00,1,39
1630624,Feron Hunt,Knicks,Forward,6-8,195,USA,1999-07-05T00:00:00,0,Undrafted
1629631,De'Andre Hunter,Hawks,Forward-Guard,6-8,221,USA,1997-12-02T00:00:00,2,4
1630538,Bones Hyland,Nuggets,Guard,6-2,169,USA,2000-09-14T00:00:00,0,26
201586,Serge Ibaka,Bucks,Forward,6-10,235,Republic of the Congo,1989-09-18T00:00:00,12,24
2738,Andre Iguodala,Warriors,Guard-Forward,6-6,215,USA,1984-01-28T00:00:00,17,9
204060,Joe Ingles,Trail Blazers,Forward-Guard,6-8,220,Australia,1987-10-02T00:00:00,7,Undrafted
1627742,Brandon Ingram,Pelicans,Forward,6-8,190,USA,1997-09-02T00:00:00,5,2
202681,Kyrie Irving,Nets,Guard,6-2,195,Australia,1992-03-23T00:00:00,10,1
1628371,Jonathan Isaac,Magic,Forward,6-10,230,USA,1997-10-03T00:00:00,3,6
1628402,Frank Jackson,Pistons,Guard,6-3,205,USA,1998-05-04T00:00:00,3,31
1630543,Isaiah Jackson,Pacers,Forward,6-10,205,USA,2002-01-10T00:00:00,0,22
1628367,Josh Jackson,Kings,Guard-Forward,6-8,207,USA,1997-02-10T00:00:00,4,4
202704,Reggie Jackson,Clippers,Guard,6-2,208,USA,1990-04-16T00:00:00,10,24
1628991,Jaren Jackson Jr.,Grizzlies,Forward-Center,6-11,242,USA,1999-09-15T00:00:00,3,4
2544,LeBron James,Lakers,Forward,6-9,250,USA,1984-12-30T00:00:00,18,1
1629660,Ty Jerome,Thunder,Guard-Forward,6-5,195,USA,1997-07-08T00:00:00,2,24
1630198,Isaiah Joe,76ers,Guard,6-4,165,USA,1999-07-02T00:00:00,1,49
1629661,Cameron Johnson,Suns,Forward,6-8,210,USA,1996-03-03T00:00:00,2,11
1630525,David Johnson,Raptors,Guard,6-4,203,USA,2001-02-26T00:00:00,0,47
1630552,Jalen Johnson,Hawks,Forward,6-8,219,USA,2001-12-18T00:00:00,0,20
1629640,Keldon Johnson,Spurs,Forward-Guard,6-6,220,USA,1999-10-11T00:00:00,2,29
1630553,Keon Johnson,Trail Blazers,Guard,6-4,185,USA,2002-03-10T00:00:00,0,21
1626169,Stanley Johnson,Lakers,Forward-Guard,6-6,242,USA,1996-05-29T00:00:00,6,8
203999,Nikola Jokic,Nuggets,Center,6-11,284,Serbia,1995-02-19T00:00:00,6,41
1627745,Damian Jones,Kings,Center,6-11,245,USA,1995-06-30T00:00:00,5,30
1630529,Herbert Jones,Pelicans,Forward,6-7,206,USA,1998-10-06T00:00:00,0,35
1630539,Kai Jones,Hornets,Center-Forward,6-10,221,Bahamas,2001-01-19T00:00:00,0,19
1630222,Mason Jones,Lakers,Guard,6-4,200,USA,1998-07-21T00:00:00,1,Undrafted
1630200,Tre Jones,Spurs,Guard,6-1,185,USA,2000-01-08T00:00:00,1,41
1626145,Tyus Jones,Grizzlies,Guard,6-0,196,USA,1996-05-10T00:00:00,6,24
1627884,Derrick Jones Jr.,Bulls,Forward,6-6,210,USA,1997-02-15T00:00:00,5,Undrafted
201599,DeAndre Jordan,76ers,Center,6-11,265,USA,1988-07-21T00:00:00,13,35
202709,Cory Joseph,Pistons,Guard,6-3,200,Canada,1991-08-20T00:00:00,10,29
1628379,Luke Kennard,Clippers,Guard,6-5,206,USA,1996-06-24T00:00:00,4,12
1630296,Braxton Key,Pistons,Forward,6-8,225,USA,1997-02-14T00:00:00,0,Undrafted
1630557,Corey Kispert,Wizards,Forward,6-6,224,USA,1999-03-03T00:00:00,0,15
1628467,Maxi Kleber,Mavericks,Forward,6-10,240,Germany,1992-01-29T00:00:00,4,Undrafted
1630233,Nathan Knight,Timberwolves,Forward-Center,6-10,253,USA,1997-09-20T00:00:00,1,Undrafted
1628995,Kevin Knox II,Hawks,Forward,6-7,215,USA,1999-08-11T00:00:00,3,9
1629723,John Konchar,Grizzlies,Guard,6-5,210,USA,1996-03-22T00:00:00,2,Undrafted
1627788,Furkan Korkmaz,76ers,Guard-Forward,6-7,202,Turkey,1997-07-24T00:00:00,4,26
1628436,Luke Kornet,Celtics,Center-Forward,7-2,250,USA,1995-07-15T00:00:00,4,Undrafted
1630249,Vit Krejci,Thunder,Guard,6-8,195,Czech Republic,2000-06-19T00:00:00,0,37
1629083,Arnoldas Kulboka,Hornets,Forward,6-10,209,Lithuania,1998-01-04T00:00:00,0,55
1630228,Jonathan Kuminga,Warriors,Forward,6-7,225,DRC,2002-10-06T00:00:00,0,7
1628398,Kyle Kuzma,Wizards,Forward,6-9,221,USA,1995-07-24T00:00:00,4,27
203897,Zach LaVine,Bulls,Guard-Forward,6-5,200,USA,1995-03-10T00:00:00,7,13
1630237,Anthony Lamb,Rockets,Forward,6-6,227,USA,1998-01-20T00:00:00,1,Undrafted
203087,Jeremy Lamb,Kings,Guard-Forward,6-5,180,USA,1992-05-30T00:00:00,9,12
1629111,Jock Landale,Spurs,Center,6-11,255,Australia,1995-10-25T00:00:00,0,Undrafted
1629641,Romeo Langford,Spurs,Guard-Forward,6-5,216,USA,1999-10-25T00:00:00,2,14
1627774,Jake Layman,Timberwolves,Forward,6-8,209,USA,1994-03-07T00:00:00,5,47
1627747,Caris LeVert,Cavaliers,Guard,6-6,205,USA,1994-08-25T00:00:00,5,20
1627814,Damion Lee,Warriors,Guard-Forward,6-5,210,USA,1992-10-21T00:00:00,4,Undrafted
1630240,Saben Lee,Pistons,Guard,6-2,183,USA,1999-06-23T00:00:00,1,38
203458,Alex Len,Kings,Center,7-0,250,Ukraine,1993-06-16T00:00:00,8,5
202695,Kawhi Leonard,Clippers,Forward,6-7,225,USA,1991-06-29T00:00:00,10,15
1630575,Scottie Lewis,Hornets,Guard,6-5,185,USA,2000-03-12T00:00:00,0,56
1630184,Kira Lewis Jr.,Pelicans,Guard,6-1,170,USA,2001-04-06T00:00:00,1,13
203081,Damian Lillard,Trail Blazers,Guard,6-2,195,USA,1990-07-15T00:00:00,9,6
1629642,Nassir Little,Trail Blazers,Forward-Guard,6-5,220,USA,2000-02-11T00:00:00,2,25
1630587,Isaiah Livers,Pistons,Forward,6-6,232,USA,1998-07-28T00:00:00,0,42
1626172,Kevon Looney,Warriors,Forward,6-9,222,USA,1996-02-06T00:00:00,6,30
201572,Brook Lopez,Bucks,Center,7-0,282,USA,1988-04-01T00:00:00,13,10
201577,Robin Lopez,Magic,Center,7-0,281,USA,1988-04-01T00:00:00,13,15
1629712,Didi Louzada,Trail Blazers,Guard,6-5,188,Brazil,1999-07-02T00:00:00,1,35
201567,Kevin Love,Cavaliers,Forward-Center,6-8,251,USA,1988-09-07T00:00:00,13,5
200768,Kyle Lowry,Heat,Guard,6-0,196,USA,1986-03-25T00:00:00,15,24
1630994,Gabriel Lundberg,Suns,Guard,6-4,203,Denmark,1994-12-04T00:00:00,0,Undrafted
1627789,Timothe Luwawu-Cabarrot,Hawks,Guard-Forward,6-7,215,France,1995-05-09T00:00:00,5,24
1626168,Trey Lyles,Kings,Forward,6-9,234,Canada,1995-11-05T00:00:00,6,12
1630177,Theo Maledon,Thunder,Guard,6-4,175,France,2001-06-12T00:00:00,1,34
1630572,Sandro Mamukelashvili,Bucks,Forward-Center,6-9,240,Georgia,1999-05-23T00:00:00,0,54
1629611,Terance Mann,Clippers,Guard-Forward,6-5,215,USA,1996-10-18T00:00:00,2,48
1630544,Tre Mann,Thunder,Guard,6-3,178,USA,2001-02-03T00:00:00,0,18
1626246,Boban Marjanovic,Mavericks,Center,7-3,290,Serbia,1988-08-15T00:00:00,6,Undrafted
1628374,Lauri Markkanen,Cavaliers,Forward-Center,6-11,240,Finland,1997-05-22T00:00:00,4,7
1630230,Naji Marshall,Pelicans,Forward,6-7,220,USA,1998-01-24T00:00:00,1,Undrafted
1628997,Caleb Martin,Heat,Forward,6-5,205,USA,1995-09-28T00:00:00,2,Undrafted
1628998,Cody Martin,Hornets,Forward,6-6,205,USA,1995-09-28T00:00:00,2,36
1630231,Kenyon Martin Jr.,Rockets,Forward,6-5,215,USA,2001-01-06T00:00:00,1,52
1629726,Garrison Mathews,Rockets,Guard,6-5,215,USA,1996-10-24T00:00:00,2,Undrafted
202083,Wesley Matthews,Bucks,Guard,6-4,220,USA,1986-10-14T00:00:00,12,Undrafted
1630178,Tyrese Maxey,76ers,Guard,6-2,200,USA,2000-11-04T00:00:00,1,21
1630219,Skylar Mays,Hawks,Guard,6-4,205,USA,1997-09-05T00:00:00,1,50
1630540,Miles McBride,Knicks,Guard,6-1,195,USA,2000-09-08T00:00:00,0,36
1630644,Mac McClung,Lakers,Guard,6-2,185,USA,1999-01-06T00:00:00,0,Undrafted
203468,CJ McCollum,Pelicans,Guard,6-3,190,USA,1991-09-19T00:00:00,8,10
204456,T.J. McConnell,Pacers,Guard,6-1,190,USA,1992-03-25T00:00:00,6,
1630183,Jaden McDaniels,Timberwolves,Forward,6-9,185,USA,2000-09-29T00:00:00,1,28
1629667,Jalen McDaniels,Hornets,Forward-Center,6-9,205,USA,1998-01-31T00:00:00,2,52
203926,Doug McDermott,Spurs,Forward,6-7,225,USA,1992-01-03T00:00:00,7,11
201580,JaVale McGee,Suns,Center-Forward,7-0,270,USA,1988-01-19T00:00:00,13,18
203585,Rodney McGruder,Pistons,Guard,6-4,205,USA,1991-07-29T00:00:00,5,Undrafted
1629162,Jordan McLaughlin,Timberwolves,Guard,5-11,185,USA,1996-04-09T00:00:00,2,Undrafted
203463,Ben McLemore,Trail Blazers,Guard,6-3,195,USA,1993-02-11T00:00:00,8,7
1629001,De'Anthony Melton,Grizzlies,Guard,6-2,200,USA,1998-05-28T00:00:00,3,46
1629002,Chimezie Metu,Kings,Forward-Center,6-9,225,USA,1997-03-22T00:00:00,3,49
203114,Khris Middleton,Bucks,Forward,6-7,222,USA,1991-08-12T00:00:00,9,39
201988,Patty Mills,Nets,Guard,6-0,180,Australia,1988-08-11T00:00:00,12,55
200794,Paul Millsap,76ers,Forward,6-7,257,USA,1985-02-10T00:00:00,15,47
1629003,Shake Milton,76ers,Guard-Forward,6-5,205,USA,1996-09-26T00:00:00,3,54
1630558,Davion Mitchell,Kings,Guard,6-0,202,USA,1998-09-05T00:00:00,0,9
1628378,Donovan Mitchell,Jazz,Guard,6-1,215,USA,1996-09-07T00:00:00,4,13
1630596,Evan Mobley,Cavaliers,Center,6-11,215,USA,2001-06-18T00:00:00,0,3
1628370,Malik Monk,Lakers,Guard,6-3,200,USA,1998-02-04T00:00:00,4,11
202328,Greg Monroe,Timberwolves,Forward-Center,6-10,250,USA,1990-06-04T00:00:00,9,7
1630541,Moses Moody,Warriors,Guard,6-5,211,USA,2002-05-31T00:00:00,0,14
1629875,Xavier Moon,Clippers,Guard,6-2,165,USA,1995-01-02T00:00:00,0,Undrafted
1629630,Ja Morant,Grizzlies,Guard,6-3,174,USA,1999-08-10T00:00:00,2,2
1629752,Juwan Morgan,Celtics,Forward,6-7,232,USA,1997-04-17T00:00:00,2,Undrafted
202693,Markieff Morris,Heat,Forward,6-9,245,USA,1989-09-02T00:00:00,10,13
1628420,Monte Morris,Nuggets,Guard,6-2,183,USA,1995-06-27T00:00:00,4,51
202694,Marcus Morris Sr.,Clippers,Forward,6-8,218,USA,1989-09-02T00:00:00,10,14
1628539,Mychal Mulder,Heat,Guard,6-3,195,Canada,1994-06-12T00:00:00,2,Undrafted
1630530,Trey Murphy III,Pelicans,Forward,6-8,206,USA,2000-06-18T00:00:00,0,17
1627749,Dejounte Murray,Spurs,Guard,6-4,180,USA,1996-09-19T00:00:00,4,29
1627750,Jamal Murray,Nuggets,Guard,6-3,215,Canada,1997-02-23T00:00:00,5,7
203488,Mike Muscala,Thunder,Forward-Center,6-10,240,USA,1991-07-01T00:00:00,8,44
1629004,Svi Mykhailiuk,Raptors,Guard-Forward,6-7,205,Ukraine,1997-06-10T00:00:00,3,47
1626204,Larry Nance Jr.,Pelicans,Forward-Center,6-7,245,USA,1993-01-01T00:00:00,6,27
1630612,RJ Nembhard Jr.,Cavaliers,Guard,6-4,200,USA,1999-03-22T00:00:00,0,Undrafted
1630174,Aaron Nesmith,Celtics,Guard-Forward,6-5,215,USA,1999-10-16T00:00:00,1,14
203526,Raul Neto,Wizards,Guard,6-2,180,Brazil,1992-05-19T00:00:00,6,47
1627777,Georges Niang,76ers,Forward,6-7,230,USA,1993-06-17T00:00:00,5,50
1630227,Daishen Nix,Rockets,Guard,6-4,226,USA,2002-02-13T00:00:00,0,Undrafted
1630192,Zeke Nnaji,Nuggets,Forward-Center,6-9,240,USA,2001-01-09T00:00:00,1,22
203457,Nerlens Noel,Knicks,Center-Forward,6-11,220,USA,1994-04-10T00:00:00,7,6
1629669,Jaylen Nowell,Timberwolves,Guard,6-4,201,USA,1999-07-09T00:00:00,2,43
1628373,Frank Ntilikina,Mavericks,Guard,6-4,200,France,1998-07-28T00:00:00,4,8
1629134,Kendrick Nunn,Lakers,Guard,6-2,190,USA,1995-08-03T00:00:00,2,Undrafted
203994,Jusuf Nurkic,Trail Blazers,Center,6-11,290,Bosnia and Herzegovina,1994-08-23T00:00:00,7,16
1628021,David Nwaba,Rockets,Guard-Forward,6-5,219,USA,1993-01-14T00:00:00,5,Undrafted
1629670,Jordan Nwora,Bucks,Forward,6-8,225,USA,1998-09-09T00:00:00,1,45
1626220,Royce O'Neale,Jazz,Forward,6-5,226,USA,1993-06-05T00:00:00,4,Undrafted
1629643,Chuma Okeke,Magic,Forward,6-6,229,USA,1998-08-18T00:00:00,1,16
1629006,Josh Okogie,Timberwolves,Guard,6-4,213,Nigeria,1998-09-01T00:00:00,3,20
1630168,Onyeka Okongwu,Hawks,Forward-Center,6-8,240,USA,2000-12-11T00:00:00,1,6
1630171,Isaac Okoro,Cavaliers,Forward-Guard,6-5,225,USA,2001-01-26T00:00:00,1,5
203506,Victor Oladipo,Heat,Guard,6-4,213,USA,1992-05-04T00:00:00,8,2
203482,Kelly Olynyk,Pistons,Forward-Center,6-11,240,Canada,1991-04-19T00:00:00,8,13
1626224,Cedi Osman,Cavaliers,Forward,6-7,230,Turkey,1995-04-08T00:00:00,4,31
1626162,Kelly Oubre Jr.,Hornets,Forward-Guard,6-6,203,USA,1995-12-09T00:00:00,6,15
1629672,Eric Paschall,Jazz,Forward,6-6,255,USA,1996-11-04T00:00:00,2,41
101108,Chris Paul,Suns,Guard,6-0,175,USA,1985-05-06T00:00:00,16,4
1626166,Cameron Payne,Suns,Guard,6-1,183,USA,1994-08-08T00:00:00,6,14
203901,Elfrid Payton,Suns,Guard,6-3,195,USA,1994-02-22T00:00:00,7,10
1627780,Gary Payton II,Warriors,Guard,6-3,195,USA,1992-12-01T00:00:00,5,Undrafted
1630691,Jamorko Pickett,Pistons,Forward,6-9,206,USA,1997-12-24T00:00:00,0,Undrafted
1629033,Theo Pinson,Mavericks,Guard-Forward,6-5,212,USA,1995-11-05T00:00:00,3,Undrafted
203486,Mason Plumlee,Hornets,Forward-Center,6-11,254,USA,1990-03-05T00:00:00,8,22
1627751,Jakob Poeltl,Spurs,Center,7-1,245,Austria,1995-10-15T00:00:00,5,9
1630197,Aleksej Pokusevski,Thunder,Forward,7-0,190,Serbia,2001-12-26T00:00:00,1,17
1630582,Yves Pons,Grizzlies,Forward,6-5,206,France,1999-05-07T00:00:00,0,Undrafted
1629673,Jordan Poole,Warriors,Guard,6-4,194,USA,1999-06-19T00:00:00,2,28
1629645,Kevin Porter Jr.,Rockets,Guard-Forward,6-4,203,USA,2000-05-04T00:00:00,2,30
1629008,Michael Porter Jr.,Nuggets,Forward,6-10,218,USA,1998-06-29T00:00:00,2,14
203490,Otto Porter Jr.,Warriors,Forward,6-8,198,USA,1993-06-03T00:00:00,8,3
1626171,Bobby Portis,Bucks,Forward,6-10,250,USA,1995-02-10T00:00:00,6,22
204001,Kristaps Porzingis,Wizards,Forward-Center,7-3,240,Latvia,1995-08-02T00:00:00,5,4
203939,Dwight Powell,Mavericks,Forward-Center,6-10,240,Canada,1991-07-20T00:00:00,7,45
1629619,Myles Powell,76ers,Guard,6-2,195,USA,1997-07-07T00:00:00,0,Undrafted
1626181,Norman Powell,Clippers,Guard,6-3,215,USA,1993-05-25T00:00:00,6,46
1630563,Joshua Primo,Spurs,Guard,6-4,189,Canada,2002-12-24T00:00:00,0,12
1627752,Taurean Prince,Timberwolves,Forward,6-6,218,USA,1994-03-22T00:00:00,5,12
1630202,Payton Pritchard,Celtics,Guard,6-1,195,USA,1998-01-28T00:00:00,1,26
1630243,Trevelin Queen,Rockets,Guard,6-6,190,USA,1997-02-25T00:00:00,0,Undrafted
1629674,Neemias Queta,Kings,Center,7-0,248,Portugal,1999-07-13T00:00:00,0,39
1630193,Immanuel Quickley,Knicks,Guard,6-3,190,USA,1999-06-17T00:00:00,1,25
203944,Julius Randle,Knicks,Forward-Center,6-8,250,USA,1994-11-29T00:00:00,7,7
1630559,Austin Reaves,Lakers,Guard,6-5,197,USA,1998-05-29T00:00:00,0,Undrafted
1629629,Cam Reddish,Knicks,Forward-Guard,6-8,217,USA,1999-09-01T00:00:00,2,10
1628432,Davon Reed,Nuggets,Guard,6-5,206,USA,1995-06-11T00:00:00,2,32
1630194,Paul Reed,76ers,Forward,6-9,210,USA,1999-06-14T00:00:00,1,58
1629675,Naz Reid,Timberwolves,Center-Forward,6-9,264,USA,1999-08-26T00:00:00,2,Undrafted
1630208,Nick Richards,Hornets,Center,7-0,245,Jamaica,1997-11-29T00:00:00,1,42
1626196,Josh Richardson,Spurs,Guard,6-5,200,USA,1993-09-15T00:00:00,6,40
203085,Austin Rivers,Nuggets,Guard,6-4,200,USA,1992-08-01T00:00:00,9,10
1629130,Duncan Robinson,Heat,Forward,6-7,215,USA,1994-04-22T00:00:00,3,Undrafted
1629011,Mitchell Robinson,Knicks,Center-Forward,7-0,240,USA,1998-04-01T00:00:00,3,36
1630526,Jeremiah Robinson-Earl,Thunder,Forward,6-8,242,USA,2000-11-03T00:00:00,0,32
1629676,Isaiah Roby,Thunder,Forward,6-8,230,USA,1998-02-03T00:00:00,2,45
200765,Rajon Rondo,Cavaliers,Guard,6-1,180,USA,1986-02-22T00:00:00,15,21
201565,Derrick Rose,Knicks,Guard,6-2,200,USA,1988-10-04T00:00:00,12,1
203082,Terrence Ross,Magic,Guard-Forward,6-6,206,USA,1991-02-05T00:00:00,9,8
1626179,Terry Rozier,Hornets,Guard,6-1,190,USA,1994-03-17T00:00:00,6,16
201937,Ricky Rubio,Pacers,Guard,6-2,190,Spain,1990-10-21T00:00:00,10,5
1626156,D'Angelo Russell,Timberwolves,Guard,6-4,193,USA,1996-02-23T00:00:00,6,2
1630346,Matt Ryan,Celtics,Forward,6-7,215,USA,1997-04-17T00:00:00,0,Undrafted
1627734,Domantas Sabonis,Kings,Forward-Center,6-11,240,Lithuania,1996-05-03T00:00:00,5,11
203967,Dario Saric,Suns,Forward-Center,6-10,225,Croatia,1994-04-08T00:00:00,5,12
203107,Tomas Satoransky,Wizards,Guard,6-7,210,Czech Republic,1991-10-30T00:00:00,5,32
1630648,Jordan Schakel,Wizards,Guard,6-6,200,USA,1998-06-13T00:00:00,0,Undrafted
1629678,Admiral Schofield,Magic,Forward,6-5,241,United Kingdom,1997-03-30T00:00:00,1,42
203471,Dennis Schroder,Rockets,Guard,6-1,172,Germany,1993-09-15T00:00:00,8,17
1630206,Jay Scrubb,Clippers,Guard,6-5,220,USA,2000-09-01T00:00:00,1,55
1630578,Alperen Sengun,Rockets,Center,6-10,243,Turkey,2002-07-25T00:00:00,0,16
1629012,Collin Sexton,Cavaliers,Guard,6-1,190,USA,1999-01-04T00:00:00,3,8
1629013,Landry Shamet,Suns,Guard,6-4,190,USA,1997-03-13T00:00:00,3,26
1630549,Day'Ron Sharpe,Nets,Forward,6-9,265,USA,2001-11-06T00:00:00,0,29
1627783,Pascal Siakam,Raptors,Forward,6-8,230,Cameroon,1994-04-02T00:00:00,5,27
1627732,Ben Simmons,Nets,Guard-Forward,6-11,240,Australia,1996-07-20T00:00:00,4,1
1630250,Marko Simonovic,Bulls,Center,6-11,220,Montenegro,1999-10-15T00:00:00,0,44
1629014,Anfernee Simons,Trail Blazers,Guard,6-3,181,USA,1999-06-08T00:00:00,3,24
1630579,Jericho Sims,Knicks,Center,6-9,250,USA,1998-10-20T00:00:00,0,58
1630606,Javonte Smart,Heat,Guard,6-4,205,USA,1999-06-03T00:00:00,0,Undrafted
203935,Marcus Smart,Celtics,Guard,6-4,220,USA,1994-03-06T00:00:00,7,6
202397,Ish Smith,Wizards,Guard,6-0,175,USA,1988-07-05T00:00:00,11,Undrafted
1630188,Jalen Smith,Pacers,Forward-Center,6-10,215,USA,2000-03-16T00:00:00,1,10
1630270,Xavier Sneed,Jazz,Forward,6-5,215,USA,1997-12-21T00:00:00,0,Undrafted
203503,Tony Snell,Pelicans,Guard,6-6,213,USA,1991-11-10T00:00:00,8,20
1630531,Jaden Springer,76ers,Guard,6-4,202,USA,2002-09-25T00:00:00,0,28
203917,Nik Stauskas,Celtics,Guard,6-6,207,Canada,1993-10-07T00:00:00,5,8
202362,Lance Stephenson,Pacers,Forward,6-5,210,USA,1990-09-05T00:00:00,9,40
1630205,Lamar Stevens,Cavaliers,Forward,6-6,230,USA,1997-07-09T00:00:00,1,Undrafted
1630191,Isaiah Stewart,Pistons,Forward-Center,6-8,250,USA,2001-05-22T00:00:00,1,16
1629622,Max Strus,Heat,Guard-Forward,6-5,215,USA,1996-03-28T00:00:00,2,Undrafted
1630591,Jalen Suggs,Magic,Guard,6-5,205,USA,2001-06-03T00:00:00,0,5
1630256,Jae'Sean Tate,Rockets,Forward,6-4,230,USA,1995-10-28T00:00:00,1,Undrafted
1628369,Jayson Tatum,Celtics,Forward-Guard,6-8,210,USA,1998-03-03T00:00:00,4,3
1630678,Terry Taylor,Pacers,Forward,6-5,230,USA,1999-09-23T00:00:00,0,Undrafted
202066,Garrett Temple,Pelicans,Guard-Forward,6-5,195,USA,1986-05-08T00:00:00,11,Undrafted
1630179,Tyrell Terry,Grizzlies,Guard,6-2,160,USA,2000-09-28T00:00:00,1,31
1628464,Daniel Theis,Celtics,Forward-Center,6-9,245,Germany,1992-04-04T00:00:00,4,Undrafted
1630271,Brodric Thomas,Celtics,Guard,6-5,185,USA,1997-01-28T00:00:00,1,Undrafted
1630560,Cam Thomas,Nets,Guard,6-3,210,Japan,2001-10-13T00:00:00,0,27
202738,Isaiah Thomas,Hornets,Guard,5-9,185,USA,1989-02-07T00:00:00,10,60
1629744,Matt Thomas,Bulls,Guard,6-3,190,USA,1994-08-04T00:00:00,2,Undrafted
202691,Klay Thompson,Warriors,Guard,6-6,220,USA,1990-02-08T00:00:00,8,11
202684,Tristan Thompson,Bulls,Center-Forward,6-9,254,Canada,1991-03-13T00:00:00,10,4
1630550,JT Thor,Hornets,Forward,6-9,203,USA,2002-08-26T00:00:00,0,37
1629680,Matisse Thybulle,76ers,Guard-Forward,6-5,201,USA,1997-03-04T00:00:00,2,20
1629681,Killian Tillie,Grizzlies,Forward-Center,6-9,220,France,1998-03-05T00:00:00,1,Undrafted
1630214,Xavier Tillman,Grizzlies,Forward,6-8,245,USA,1999-01-12T00:00:00,1,35
1630225,Isaiah Todd,Wizards,Forward,6-9,219,USA,2001-10-17T00:00:00,0,31
1630167,Obi Toppin,Knicks,Forward,6-9,220,USA,1998-03-04T00:00:00,1,8
1629308,Juan Toscano-Anderson,Warriors,Forward,6-6,209,USA,1993-04-10T00:00:00,2,Undrafted
1626157,Karl-Anthony Towns,Timberwolves,Center-Forward,6-11,248,USA,1995-11-15T00:00:00,6,1
1629018,Gary Trent Jr.,Raptors,Guard-Forward,6-5,209,USA,1999-01-18T00:00:00,3,37
200782,P.J. Tucker,Heat,Forward,6-5,245,USA,1985-05-05T00:00:00,10,35
1629730,Rayjon Tucker,Bucks,Guard,6-3,209,USA,1997-09-24T00:00:00,2,Undrafted
1626167,Myles Turner,Pacers,Center-Forward,6-11,250,USA,1996-03-24T00:00:00,6,11
202685,Jonas Valanciunas,Pelicans,Center,6-11,265,Lithuania,1992-05-06T00:00:00,9,5
1627832,Fred VanVleet,Raptors,Guard,6-1,197,USA,1994-02-25T00:00:00,5,Undrafted
1629020,Jarred Vanderbilt,Timberwolves,Forward,6-9,214,USA,1999-04-03T00:00:00,3,41
1630170,Devin Vassell,Spurs,Guard-Forward,6-5,200,USA,2000-08-23T00:00:00,1,11
1629216,Gabe Vincent,Heat,Guard,6-3,200,USA,1996-06-14T00:00:00,2,Undrafted
202696,Nikola Vucevic,Bulls,Center,6-10,260,Montenegro,1990-10-24T00:00:00,10,16
1629731,Dean Wade,Cavaliers,Forward-Center,6-9,228,USA,1996-11-20T00:00:00,2,Undrafted
1630532,Franz Wagner,Magic,Forward,6-10,220,Germany,2001-08-27T00:00:00,0,8
1629021,Moritz Wagner,Magic,Forward-Center,6-11,245,Germany,1997-04-26T00:00:00,3,25
1630688,Ish Wainright,Suns,Forward,6-5,250,USA,1994-09-12T00:00:00,0,Undrafted
202689,Kemba Walker,Knicks,Guard,6-0,184,USA,1990-05-08T00:00:00,10,9
1629022,Lonnie Walker IV,Spurs,Guard-Forward,6-4,204,USA,1998-12-14T00:00:00,3,18
202322,John Wall,Rockets,Guard,6-3,210,USA,1990-09-06T00:00:00,10,1
203933,T.J. Warren,Pacers,Forward,6-8,220,USA,1993-09-05T00:00:00,7,14
1629023,P.J. Washington,Hornets,Forward,6-7,230,USA,1998-08-23T00:00:00,2,12
1630613,Duane Washington Jr.,Pacers,Guard,6-3,197,Germany,2000-03-24T00:00:00,0,Undrafted
1629139,Yuta Watanabe,Raptors,Guard-Forward,6-9,215,Japan,1994-10-13T00:00:00,3,Undrafted
1630322,Lindy Waters III,Thunder,Forward,6-6,215,USA,1997-07-28T00:00:00,0,Undrafted
1630570,Trendon Watford,Trail Blazers,Forward,6-8,237,USA,2000-11-09T00:00:00,0,Undrafted
1629683,Quinndary Weatherspoon,Warriors,Guard,6-3,205,USA,1996-09-10T00:00:00,2,49
201566,Russell Westbrook,Lakers,Guard,6-3,200,USA,1988-11-12T00:00:00,13,4
1629632,Coby White,Bulls,Guard,6-4,195,USA,2000-02-16T00:00:00,2,7
1628401,Derrick White,Celtics,Guard,6-4,190,USA,1994-07-02T00:00:00,4,29
202355,Hassan Whiteside,Jazz,Center,7-0,265,USA,1989-06-13T00:00:00,9,33
1630580,Joe Wieskamp,Spurs,Guard-Forward,6-6,205,USA,1999-08-23T00:00:00,0,41
1630598,Aaron Wiggins,Thunder,Guard,6-4,190,USA,1999-01-02T00:00:00,0,55
203952,Andrew Wiggins,Warriors,Forward,6-7,197,Canada,1995-02-23T00:00:00,7,1
1629623,Lindell Wigginton,Bucks,Guard,6-1,189,Canada,1998-03-28T00:00:00,0,
1630314,Brandon Williams,Trail Blazers,Guard,6-2,190,USA,1999-11-22T00:00:00,0,Undrafted
1629684,Grant Williams,Celtics,Forward,6-6,236,USA,1998-11-30T00:00:00,2,22
1629026,Kenrich Williams,Thunder,Guard-Forward,6-6,210,USA,1994-12-02T00:00:00,3,Undrafted
101150,Lou Williams,Hawks,Guard,6-2,175,USA,1986-10-27T00:00:00,16,45
1630172,Patrick Williams,Bulls,Forward,6-7,215,USA,2001-08-26T00:00:00,1,4
1630533,Ziaire Williams,Grizzlies,Forward,6-9,185,USA,2001-09-12T00:00:00,0,10
1629057,Robert Williams III,Celtics,Center-Forward,6-9,237,USA,1997-10-17T00:00:00,3,27
1629627,Zion Williamson,Pelicans,Forward,6-6,284,USA,2000-07-06T00:00:00,2,1
1629685,Dylan Windler,Cavaliers,Guard-Forward,6-6,196,USA,1996-09-22T00:00:00,1,26
1626159,Justise Winslow,Trail Blazers,Forward-Guard,6-6,222,USA,1996-03-26T00:00:00,6,10
1630216,Cassius Winston,Wizards,Guard,6-1,185,USA,1998-02-28T00:00:00,1,53
1630164,James Wiseman,Warriors,Center,7-0,240,USA,2001-03-31T00:00:00,1,2
1626174,Christian Wood,Rockets,Forward,6-9,214,USA,1995-09-27T00:00:00,5,Undrafted
1630218,Robert Woodard II,Spurs,Forward,6-6,235,USA,1999-09-22T00:00:00,1,40
1626153,Delon Wright,Hawks,Guard,6-5,185,USA,1992-04-26T00:00:00,6,20
1630589,Moses Wright,Mavericks,Forward,6-8,226,USA,1998-12-23T00:00:00,0,Undrafted
1630593,McKinley Wright IV,Timberwolves,Guard,5-11,192,USA,1998-10-25T00:00:00,0,Undrafted
1628221,Gabe York,Pacers,Guard,6-3,190,USA,1993-08-02T00:00:00,0,Undrafted
201152,Thaddeus Young,Raptors,Forward,6-8,235,USA,1988-06-21T00:00:00,14,12
1629027,Trae Young,Hawks,Guard,6-1,164,USA,1998-09-19T00:00:00,3,5
1630209,Omer Yurtseven,Heat,Center,6-11,275,Turkey,1998-06-19T00:00:00,0,Undrafted
1627826,Ivica Zubac,Clippers,Center,7-0,240,Croatia,1997-03-18T00:00:00,5,32
